filename,product_name,price_default,price_card,price_discount,barcode,discount_amount,id_sku,print_datetime,code,additional_info,color,special_symbols,frame_timestamp,x_min,y_min,x_max,y_max,qr_code_barcode,price1_qr,price2_qr,price3_qr,price4_qr,wholesale_level_1_count,wholesale_level_1_price,wholesale_level_2_count,wholesale_level_2_price,action_price_qr,action_code_qr
43_15.mp4,ПШПИЛп1 ЧАСТНдя щгоnsu Россмн пгптнп,319.05,159.99,нет,,-11%,,,нет,2 по цене 99 от цены без карты,red,нет,1654,1096,948,1296,1384,нет,нет,нет,нет,нет,нет,нет,нет,нет,нет,нет
43_15.mp4,нет,319.0,305.0,нет,,,,,нет,нет,red,нет,3760,1096,1379,1295,1755,нет,нет,нет,нет,нет,нет,нет,нет,нет,нет,нет
43_15.mp4,нет,981.0,111.0,нет,,,,,нет,нет,yellow,Ш,1504,1635,1040,1944,1214,нет,нет,нет,нет,нет,нет,нет,нет,нет,нет,нет
43_15.mp4,нет,,,нет,,,,,нет,нет,red,нет,1504,2250,1266,2469,1508,нет,нет,нет,нет,нет,нет,нет,нет,нет,нет,нет
43_15.mp4,нет,,469.0,нет,,,,,нет,нет,red,нет,2707,2226,1529,2435,1777,нет,нет,нет,нет,нет,нет,нет,нет,нет,нет,нет
43_15.mp4,нет,679.0,629.0,нет,,,,,нет,нет,red,нет,3309,2238,940,2440,1193,нет,нет,нет,нет,нет,нет,нет,нет,нет,нет,нет
43_15.mp4,нет,,299.15,нет,,,,,нет,нет,red,нет,5866,2219,706,2426,951,нет,нет,нет,нет,нет,нет,нет,нет,нет,нет,нет
43_15.mp4,нет,299.15,299.0,нет,,-15%,,,нет,нет,,нет,6016,2217,986,2409,1244,нет,нет,нет,нет,нет,нет,нет,нет,нет,нет,нет
43_15.mp4,V 8,,234.0,нет,,,,,нет,нет,red,нет,5114,1086,1280,1284,1528,нет,нет,нет,нет,нет,нет,нет,нет,нет,нет,нет
43_15.mp4,нет,,,нет,,,,,нет,нет,red,нет,1654,2274,490,2482,724,нет,нет,нет,нет,нет,нет,нет,нет,нет,нет,нет
43_15.mp4,нет,,679.0,нет,,,,,нет,нет,red,нет,2557,2274,597,2474,840,нет,нет,нет,нет,нет,нет,нет,нет,нет,нет,нет
43_15.mp4,нет,,244.0,нет,,,,,нет,нет,red,нет,5264,2194,1178,2396,1418,нет,нет,нет,нет,нет,нет,нет,нет,нет,нет,нет
43_15.mp4,нет,,299.0,нет,,,,,нет,нет,,нет,5114,2218,514,2418,754,нет,нет,нет,нет,нет,нет,нет,нет,нет,нет,нет
43_15.mp4,чдстн,,234.0,нет,,,,,нет,нет,red,нет,4512,1087,1073,1282,1319,нет,нет,нет,нет,нет,нет,нет,нет,нет,нет,нет
43_15.mp4,нет,679.29,679.0,нет,,,,,нет,нет,red,нет,3910,2219,1166,2418,1407,нет,нет,нет,нет,нет,нет,нет,нет,нет,нет,нет
43_15.mp4,нет,,259.0,нет,,,,,нет,нет,red,нет,6768,2257,57,2456,297,нет,нет,нет,нет,нет,нет,нет,нет,нет,нет,нет
43_15.mp4,нет,,234.0,нет,,,,,нет,нет,red,нет,3459,1093,646,1291,887,нет,нет,нет,нет,нет,нет,нет,нет,нет,нет,нет
43_15.mp4,нет,,336.0,нет,,,,,нет,нет,red,нет,4512,1113,173,1319,403,нет,нет,нет,нет,нет,нет,нет,нет,нет,нет,нет
43_15.mp4,нет,,305.0,нет,,,,,нет,нет,red,нет,4362,1106,1609,1306,1844,нет,нет,нет,нет,нет,нет,нет,нет,нет,нет,нет
43_15.mp4,нет,,,нет,,,,,нет,нет,red,нет,5264,1093,439,1298,668,нет,нет,нет,нет,нет,нет,нет,нет,нет,нет,нет
43_15.mp4,нет,7049.0,679.0,нет,,,,,нет,нет,red,нет,4362,2209,1350,2407,1587,нет,нет,нет,нет,нет,нет,нет,нет,нет,нет,нет
43_15.mp4,нет,,234.0,нет,,,,,нет,нет,red,нет,5565,1098,1463,1286,1712,нет,нет,нет,нет,нет,нет,нет,нет,нет,нет,нет
43_15.mp4,нет,,234.0,нет,,,,,нет,нет,red,нет,6317,1122,1746,1317,1986,нет,нет,нет,нет,нет,нет,нет,нет,нет,нет,нет
43_15.mp4,Jltidl iila,,111.0,нет,,,,,нет,нет,red,нет,1654,1118,167,1318,400,нет,нет,нет,нет,нет,нет,нет,нет,нет,нет,нет
43_15.mp4,нет,,377.0,нет,,,,,нет,нет,red,нет,3008,1120,6,1331,226,нет,нет,нет,нет,нет,нет,нет,нет,нет,нет,нет
43_15.mp4,BнNiE BнNE,,119.0,нет,,,,,нет,нет,red,нет,902,1118,168,1318,400,нет,нет,нет,нет,нет,нет,нет,нет,нет,нет,нет
43_15.mp4,нет,,,нет,,,,,нет,нет,red,нет,0,1119,168,1318,401,нет,нет,нет,нет,нет,нет,нет,нет,нет,нет,нет
43_15.mp4,нет,299.13,299.0,нет,,,,,нет,нет,,нет,6768,2220,1285,2415,1522,нет,нет,нет,нет,нет,нет,нет,нет,нет,нет,нет
43_15.mp4,нет,,,нет,,,,,нет,нет,red,нет,6317,1083,1397,1284,1625,нет,нет,нет,нет,нет,нет,нет,нет,нет,нет,нет
43_15.mp4,АЕркгэс сачання цитср IZDr итср,259.59,259.0,нет,,,,,нет,нет,red,нет,7520,2258,705,2457,935,нет,нет,нет,нет,нет,нет,нет,нет,нет,нет,нет
43_15.mp4,нет,,234.0,нет,,,,,нет,нет,red,нет,3158,1096,530,1294,761,нет,нет,нет,нет,нет,нет,нет,нет,нет,нет,нет
43_15.mp4,нет,,377.0,нет,,,,,нет,нет,red,нет,3459,1090,250,1305,462,нет,нет,нет,нет,нет,нет,нет,нет,нет,нет,нет
43_15.mp4,КанПмтар ZUEGG АБрмкос унстПа (Гепчання),259.99,259.25,нет,,-25%,,,нет,нет,red,нет,13987,2254,613,2453,842,нет,нет,нет,нет,нет,нет,нет,нет,нет,нет,нет
43_15.mp4,нет,679.0,78.0,нет,,,,,нет,нет,red,нет,4813,2187,1497,2382,1728,нет,нет,нет,нет,нет,нет,нет,нет,нет,нет,нет
43_15.mp4,нет,,,нет,,,,,нет,нет,red,нет,2557,1127,1616,1326,1842,нет,нет,нет,нет,нет,нет,нет,нет,нет,нет,нет
43_15.mp4,нет,,336.0,нет,,,,,нет,нет,red,нет,6618,1093,987,1290,1215,нет,нет,нет,нет,нет,нет,нет,нет,нет,нет,нет
43_15.mp4,нет,,377.0,нет,,,,,нет,нет,red,нет,4362,1074,528,1277,748,нет,нет,нет,нет,нет,нет,нет,нет,нет,нет,нет
43_15.mp4,нет,,377.0,нет,,,,,нет,нет,red,нет,4512,1076,678,1279,898,нет,нет,нет,нет,нет,нет,нет,нет,нет,нет,нет
43_15.mp4,нет,,469.0,нет,,,,,нет,нет,red,нет,3459,2181,1801,2382,2023,нет,нет,нет,нет,нет,нет,нет,нет,нет,нет,нет
43_15.mp4,нет,234.23,234.0,нет,,-23%,,,нет,нет,red,нет,4211,1084,960,1281,1185,нет,нет,нет,нет,нет,нет,нет,нет,нет,нет,нет
43_15.mp4,зачнdgv пыанмя dоцыфи цннг7t итюар,320.0,259.99,нет,,,,,нет,нет,red,нет,11431,2256,714,2457,934,нет,нет,нет,нет,нет,нет,нет,нет,нет,нет,нет
43_15.mp4,Jus,,244.0,нет,,,,,нет,нет,red,нет,4662,2218,963,2416,1186,нет,нет,нет,нет,нет,нет,нет,нет,нет,нет,нет
43_15.mp4,апсхапu FiEJiUu дссортч РасЕля FiEJiи,299.99,299.0,нет,,,,,нет,нет,red,нет,12333,2212,1365,2414,1583,нет,нет,нет,нет,нет,нет,нет,нет,нет,нет,нет
43_15.mp4,Абрмкос пчлння нПмтар пuлння JZDr,320.0,259.99,нет,,,,,нет,нет,red,нет,14740,2256,714,2456,934,нет,нет,нет,нет,нет,нет,нет,нет,нет,нет,нет
43_15.mp4,нет,3336.0,336.0,нет,,,,,нет,нет,red,нет,6016,1089,772,1287,994,нет,нет,нет,нет,нет,нет,нет,нет,нет,нет,нет
43_15.mp4,нет,,,нет,,,,,нет,нет,red,нет,9475,2257,714,2456,934,нет,нет,нет,нет,нет,нет,нет,нет,нет,нет,нет
43_15.mp4,нет,,305.0,нет,,,,,нет,нет,red,нет,3008,1084,1020,1289,1233,нет,нет,нет,нет,нет,нет,нет,нет,нет,нет,нет
43_15.mp4,АБрикос учанмя JZDr,320.99,259.99,нет,,,,,нет,нет,red,нет,10528,2256,714,2455,933,нет,нет,нет,нет,нет,нет,нет,нет,нет,нет,нет
43_15.mp4,нет,,377.0,нет,,,,,нет,нет,red,нет,6768,1100,1548,1289,1777,нет,нет,нет,нет,нет,нет,нет,нет,нет,нет,нет
43_15.mp4,Канфитар ZUEGG,330.99,259.0,нет,,,,,нет,нет,red,нет,14138,1113,558,1312,775,нет,нет,нет,нет,нет,нет,нет,нет,нет,нет,нет
43_15.mp4,нет,,234.0,нет,,,,,нет,нет,red,нет,6016,1110,1627,1301,1853,нет,нет,нет,нет,нет,нет,нет,нет,нет,нет,нет
43_15.mp4,дЕркгэс дБрмгэс -ачянюя ачлнюп фЕнтар,2595.99,259.99,нет,,,,,нет,нет,red,нет,8573,2260,707,2451,933,нет,нет,нет,нет,нет,нет,нет,нет,нет,нет,нет
43_15.mp4,аpтташа арсхашн РкEЯШM Пасва Пасаа,,299.99,нет,,,,,нет,нет,red,нет,14439,2216,1465,2409,1688,нет,нет,нет,нет,нет,нет,нет,нет,нет,нет,нет
43_15.mp4,пундумач яЕгоптн ундунач PREHIUN FREHIUN,199.0,139.99,нет,,-13%,,,нет,нет,red,нет,14439,2228,1223,2429,1437,нет,нет,нет,нет,нет,нет,нет,нет,нет,нет,нет
43_15.mp4,2ад7,319.0,305.0,нет,,,,,нет,нет,red,нет,4963,1133,1800,1324,2025,нет,нет,нет,нет,нет,нет,нет,нет,нет,нет,нет
43_15.mp4,нет,377.13,377.0,нет,,,,,нет,нет,red,нет,5866,1074,1218,1273,1433,нет,нет,нет,нет,нет,нет,нет,нет,нет,нет,нет
43_15.mp4,нет,299.29,299.15,нет,,-15%,,,нет,нет,red,нет,6618,2231,1002,2430,1217,нет,нет,нет,нет,нет,нет,нет,нет,нет,нет,нет
43_15.mp4,нет,2997.0,299.0,нет,,,,,нет,нет,,нет,4362,2232,325,2430,541,нет,нет,нет,нет,нет,нет,нет,нет,нет,нет,нет
43_15.mp4,нет,,377.0,нет,,,,,нет,нет,red,нет,5415,1071,1038,1268,1255,нет,нет,нет,нет,нет,нет,нет,нет,нет,нет,нет
43_15.mp4,нет,679.0,629.0,нет,,,,,нет,нет,red,нет,5114,2172,1621,2367,1839,нет,нет,нет,нет,нет,нет,нет,нет,нет,нет,нет
43_15.mp4,нет,,799.0,нет,,,,,нет,нет,red,нет,3008,1133,1772,1325,1993,нет,нет,нет,нет,нет,нет,нет,нет,нет,нет,нет
43_15.mp4,нет,,336.0,нет,,,,,нет,нет,red,нет,5565,1088,567,1290,777,нет,нет,нет,нет,нет,нет,нет,нет,нет,нет,нет
43_15.mp4,ЧХЕПИЛ IACEKA галат aaana teau,799.99,799.0,нет,,,,,нет,нет,red,нет,1654,1112,1434,1310,1646,нет,нет,нет,нет,нет,нет,нет,нет,нет,нет,нет
43_15.mp4,нет,,244.0,нет,,,,,нет,нет,red,нет,4061,2228,724,2423,937,нет,нет,нет,нет,нет,нет,нет,нет,нет,нет,нет
43_15.mp4,нет,,259.0,нет,,,,,нет,нет,red,нет,6768,1118,483,1318,690,нет,нет,нет,нет,нет,нет,нет,нет,нет,нет,нет
43_15.mp4,нет,,259.0,нет,,,,,нет,нет,red,нет,5715,1144,93,1332,313,нет,нет,нет,нет,нет,нет,нет,нет,нет,нет,нет
43_15.mp4,нет,,244.0,нет,,,,,нет,нет,red,нет,3008,2262,235,2457,446,нет,нет,нет,нет,нет,нет,нет,нет,нет,нет,нет
43_15.mp4,нет,,259.0,нет,,,,,нет,нет,red,нет,7069,2269,188,2460,403,нет,нет,нет,нет,нет,нет,нет,нет,нет,нет,нет
43_15.mp4,Десгдт Путпащ егшu,259.99,259.0,нет,,,,,нет,нет,red,нет,8573,2267,205,2457,421,нет,нет,нет,нет,нет,нет,нет,нет,нет,нет,нет
43_15.mp4,нет,,,нет,,,,,нет,нет,red,нет,14589,1157,160,1350,372,нет,нет,нет,нет,нет,нет,нет,нет,нет,нет,нет
43_15.mp4,нет,,299.0,нет,,,,,нет,нет,,нет,3760,2246,80,2432,299,нет,нет,нет,нет,нет,нет,нет,нет,нет,нет,нет
43_15.mp4,-257,259.25,259.0,нет,,,,,нет,нет,red,нет,6467,2247,349,2438,562,нет,нет,нет,нет,нет,нет,нет,нет,нет,нет,нет
43_15.mp4,нет,,259.0,нет,,,,,нет,нет,red,нет,5866,2233,209,2429,416,нет,нет,нет,нет,нет,нет,нет,нет,нет,нет,нет
43_15.mp4,ЧАСТНАЛ Гарным Россич SUDr СЕЮЛ,3059.16,191.81,нет,,-16%,,,нет,нет,red,нет,1354,1097,710,1288,921,нет,нет,нет,нет,нет,нет,нет,нет,нет,нет,нет
43_15.mp4,нет,,259.0,нет,,,,,нет,нет,red,нет,5565,2238,84,2425,298,нет,нет,нет,нет,нет,нет,нет,нет,нет,нет,нет
43_15.mp4,нет,,2458.0,нет,,,,,нет,нет,red,Ш,14589,1101,1104,1286,1320,нет,нет,нет,нет,нет,нет,нет,нет,нет,нет,нет
43_15.mp4,нет,662.57,299.0,нет,,,,,нет,нет,red,нет,4662,2231,117,2422,325,нет,нет,нет,нет,нет,нет,нет,нет,нет,нет,нет
43_15.mp4,нет,,259.0,нет,,,,,нет,нет,red,нет,6016,1125,216,1325,413,нет,нет,нет,нет,нет,нет,нет,нет,нет,нет,нет
43_15.mp4,нет,,244.0,нет,,,,,нет,нет,red,нет,3309,2257,449,2450,653,нет,нет,нет,нет,нет,нет,нет,нет,нет,нет,нет
43_15.mp4,нет,,,нет,,,,,нет,нет,red,нет,1654,1135,1698,1338,1889,нет,нет,нет,нет,нет,нет,нет,нет,нет,нет,нет
43_15.mp4,нет,,,нет,,,,,нет,нет,red,нет,11731,1095,1189,1290,1386,нет,нет,нет,нет,нет,нет,нет,нет,нет,нет,нет
43_15.mp4,нет,,377.0,нет,,,,,нет,нет,red,нет,5114,1064,915,1258,1113,нет,нет,нет,нет,нет,нет,нет,нет,нет,нет,нет
43_15.mp4,Фсстнuн Мслашя ERONI Cythn Jbap,3369.0,3365.13,нет,,-13%,,,нет,нет,red,нет,12784,1096,1188,1290,1386,нет,нет,нет,нет,нет,нет,нет,нет,нет,нет,нет
43_15.mp4,нет,,377.0,нет,,,,,нет,нет,red,нет,3760,1088,378,1288,570,нет,нет,нет,нет,нет,нет,нет,нет,нет,нет,нет
43_15.mp4,ттан,,3575.0,нет,,,,02.74.2066,нет,нет,red,нет,14589,1102,1619,1292,1821,нет,нет,нет,нет,нет,нет,нет,нет,нет,нет,нет
43_15.mp4,нет,,111.0,нет,,,,,нет,нет,red,нет,14589,2275,124,2456,336,нет,нет,нет,нет,нет,нет,нет,нет,нет,нет,нет
43_15.mp4,нет,,,нет,,,,,нет,нет,red,нет,13386,2175,1957,2371,2151,нет,нет,нет,нет,нет,нет,нет,нет,нет,нет,нет
43_15.mp4,нет,,,нет,,,,,нет,нет,red,нет,9626,2176,1957,2371,2151,нет,нет,нет,нет,нет,нет,нет,нет,нет,нет,нет
43_15.mp4,нет,,244.0,нет,,,,,нет,нет,red,нет,3760,2254,612,2439,815,нет,нет,нет,нет,нет,нет,нет,нет,нет,нет,нет
43_15.mp4,га5и,,244.0,нет,,,,,нет,нет,red,нет,2557,2279,103,2455,313,нет,нет,нет,нет,нет,нет,нет,нет,нет,нет,нет
43_15.mp4,нет,,244.0,нет,,,,,нет,нет,red,нет,5565,2191,1377,2379,1573,нет,нет,нет,нет,нет,нет,нет,нет,нет,нет,нет
43_15.mp4,нет,,244.0,нет,,,,,нет,нет,red,нет,6016,2194,1517,2377,1718,нет,нет,нет,нет,нет,нет,нет,нет,нет,нет,нет
43_15.mp4,ЧАСТНАН IZACEX ЧАСТНА Ратич IZCEX,234.96,234.36,нет,,,,,нет,нет,red,нет,14288,1137,1936,1323,2128,нет,нет,нет,нет,нет,нет,нет,нет,нет,нет,нет
43_15.mp4,нет,,,нет,,,,,нет,нет,red,нет,1654,2213,1887,2412,2066,нет,нет,нет,нет,нет,нет,нет,нет,нет,нет,нет
43_15.mp4,нет,,469.0,нет,,,,,нет,нет,red,нет,4211,2159,1966,2356,2146,нет,нет,нет,нет,нет,нет,нет,нет,нет,нет,нет
43_15.mp4,нет,,305.0,нет,,,,,нет,нет,red,нет,3910,292,1115,441,1344,нет,нет,нет,нет,нет,нет,нет,нет,нет,нет,нет
43_15.mp4,нет,,305.0,нет,,,,,нет,нет,red,нет,2707,294,1113,441,1345,нет,нет,нет,нет,нет,нет,нет,нет,нет,нет,нет
43_15.mp4,нет,,305.0,нет,,,,,нет,нет,red,нет,4963,314,1381,486,1578,нет,нет,нет,нет,нет,нет,нет,нет,нет,нет,нет
43_15.mp4,нет,,305.0,нет,,,,,нет,нет,red,нет,4061,320,1477,490,1674,нет,нет,нет,нет,нет,нет,нет,нет,нет,нет,нет
43_15.mp4,нет,679.0,79.0,нет,,,,,нет,нет,red,нет,6317,2159,1985,2351,2158,нет,нет,нет,нет,нет,нет,нет,нет,нет,нет,нет
43_15.mp4,нет,,305.0,нет,,,,,нет,нет,red,нет,4512,297,1255,463,1455,нет,нет,нет,нет,нет,нет,нет,нет,нет,нет,нет
43_15.mp4,нет,,305.0,нет,,,,,нет,нет,red,нет,3309,305,1325,461,1533,нет,нет,нет,нет,нет,нет,нет,нет,нет,нет,нет
43_15.mp4,фундумач FREIIUN Рассин cLUE ZБOг,2995.0,299.99,нет,,-13%,,,нет,нет,red,нет,13386,2232,1134,2429,1296,нет,нет,нет,нет,нет,нет,нет,нет,нет,нет,нет
43_15.mp4,нет,9305.0,305.0,нет,,,,,нет,нет,red,нет,3309,281,932,432,1141,нет,нет,нет,нет,нет,нет,нет,нет,нет,нет,нет
43_15.mp4,нет,305.16,305.0,нет,,,,,нет,нет,red,нет,0,282,981,429,1190,нет,нет,нет,нет,нет,нет,нет,нет,нет,нет,нет
43_15.mp4,нет,,305.0,нет,,,,,нет,нет,red,нет,3008,276,766,428,968,нет,нет,нет,нет,нет,нет,нет,нет,нет,нет,нет
43_15.mp4,нет,,,нет,,,,,нет,нет,red,нет,14589,2180,1900,2370,2061,нет,нет,нет,нет,нет,нет,нет,нет,нет,нет,нет
43_15.mp4,нет,,305.0,нет,,,,,нет,нет,red,нет,2256,286,1014,431,1222,нет,нет,нет,нет,нет,нет,нет,нет,нет,нет,нет
43_15.mp4,нет,,234.0,нет,,,,,нет,нет,red,нет,3760,1081,864,1289,1007,нет,нет,нет,нет,нет,нет,нет,нет,нет,нет,нет
43_15.mp4,нет,449.0,149.0,нет,,,,,нет,нет,red,нет,1654,341,105,503,288,нет,нет,нет,нет,нет,нет,нет,нет,нет,нет,нет
43_15.mp4,нет,651.0,149.0,нет,,,,,нет,нет,red,нет,3610,297,523,444,720,нет,нет,нет,нет,нет,нет,нет,нет,нет,нет,нет
43_15.mp4,нет,,305.0,нет,,,,,нет,нет,red,нет,2256,302,444,446,644,нет,нет,нет,нет,нет,нет,нет,нет,нет,нет,нет
43_15.mp4,нет,,159.0,нет,,,,,нет,нет,red,нет,4963,298,964,444,1158,нет,нет,нет,нет,нет,нет,нет,нет,нет,нет,нет
43_15.mp4,нет,,,нет,,,,,нет,нет,red,нет,1654,279,916,428,1106,нет,нет,нет,нет,нет,нет,нет,нет,нет,нет,нет
43_15.mp4,нет,,244.0,нет,,,,,нет,нет,red,нет,4211,2233,864,2423,1011,нет,нет,нет,нет,нет,нет,нет,нет,нет,нет,нет
43_15.mp4,нет,,336.0,нет,,,,,нет,нет,red,нет,3910,1140,0,1344,134,нет,нет,нет,нет,нет,нет,нет,нет,нет,нет,нет
43_15.mp4,нет,691.0,149.49,нет,,,,,нет,нет,red,нет,4211,290,727,433,918,нет,нет,нет,нет,нет,нет,нет,нет,нет,нет,нет
43_15.mp4,нет,,299.0,нет,,,,,нет,нет,,нет,3459,2255,0,2437,150,нет,нет,нет,нет,нет,нет,нет,нет,нет,нет,нет
43_15.mp4,120*,,120.0,нет,,,,,нет,нет,red,нет,4813,354,249,495,437,нет,нет,нет,нет,нет,нет,нет,нет,нет,нет,нет
43_15.mp4,нет,359.0,255.0,нет,,-57%,,,нет,нет,,нет,6467,3163,50,3307,229,нет,нет,нет,нет,нет,нет,нет,нет,нет,нет,нет
43_15.mp4,нет,259.65,259.0,нет,,,,,нет,нет,red,нет,5264,1153,0,1351,130,нет,нет,нет,нет,нет,нет,нет,нет,нет,нет,нет
43_15.mp4,REMIUH FENIUT СГаяы ОПадл FEWUИ,2449.99,244.99,нет,,,,,нет,нет,red,нет,902,2271,0,2463,133,нет,нет,нет,нет,нет,нет,нет,нет,нет,нет,нет
43_15.mp4,нет,,259.0,нет,,,,,нет,нет,red,нет,5264,2233,0,2424,133,нет,нет,нет,нет,нет,нет,нет,нет,нет,нет,нет
43_15.mp4,SLotм ааrо,9745.0,149.0,нет,,,,,нет,нет,red,нет,14439,377,1675,521,1851,нет,нет,нет,нет,нет,нет,нет,нет,нет,нет,нет
43_15.mp4,769-,769.69,691.0,нет,,,,,нет,нет,red,нет,6317,326,1194,453,1392,нет,нет,нет,нет,нет,нет,нет,нет,нет,нет,нет
43_15.mp4,нет,,146.0,нет,,,,,нет,нет,red,нет,2858,314,373,462,540,нет,нет,нет,нет,нет,нет,нет,нет,нет,нет,нет
43_15.mp4,нет,769.0,169.0,нет,,,,,нет,нет,red,нет,13687,346,1393,475,1577,нет,нет,нет,нет,нет,нет,нет,нет,нет,нет,нет
43_15.mp4,нет,,305.0,нет,,,,,нет,нет,red,нет,5114,400,1790,548,1950,нет,нет,нет,нет,нет,нет,нет,нет,нет,нет,нет
43_15.mp4,нет,769.0,759.0,нет,,,,,нет,нет,red,нет,6919,328,864,461,1042,нет,нет,нет,нет,нет,нет,нет,нет,нет,нет,нет
43_15.mp4,нет,769.0,691.0,нет,,,,,нет,нет,red,нет,5866,316,1044,442,1230,нет,нет,нет,нет,нет,нет,нет,нет,нет,нет,нет
43_15.mp4,нет,661.0,499.0,нет,,,,,нет,нет,red,нет,5715,346,532,475,713,нет,нет,нет,нет,нет,нет,нет,нет,нет,нет,нет
43_15.mp4,нет,,691.0,нет,,,,,нет,нет,red,нет,5565,312,946,435,1135,нет,нет,нет,нет,нет,нет,нет,нет,нет,нет,нет
43_15.mp4,Genz,199.66,199.0,нет,,,,,нет,нет,red,нет,13837,338,1005,461,1190,нет,нет,нет,нет,нет,нет,нет,нет,нет,нет,нет
43_15.mp4,нет,,169.0,нет,,,,,нет,нет,red,нет,4963,316,737,437,924,нет,нет,нет,нет,нет,нет,нет,нет,нет,нет,нет
43_15.mp4,нет,169.0,155.0,нет,,,,,нет,нет,red,нет,3459,346,205,479,375,нет,нет,нет,нет,нет,нет,нет,нет,нет,нет,нет
43_15.mp4,692 Cnr,,692.0,нет,,,,,нет,нет,red,нет,13536,3206,255,3333,433,нет,нет,нет,нет,нет,нет,нет,нет,нет,нет,нет
43_15.mp4,нет,169.0,159.0,нет,,,,,нет,нет,red,нет,4362,318,484,446,660,нет,нет,нет,нет,нет,нет,нет,нет,нет,нет,нет
43_15.mp4,нет,,,нет,,,,,нет,нет,,нет,9475,3215,1135,3338,1318,нет,нет,нет,нет,нет,нет,нет,нет,нет,нет,нет
43_15.mp4,нет,,662.66,нет,,,,,нет,нет,,нет,12784,3214,1136,3337,1319,нет,нет,нет,нет,нет,нет,нет,нет,нет,нет,нет
43_15.mp4,нет,,662.66,нет,,,,,нет,нет,,нет,10077,3207,1185,3332,1362,нет,нет,нет,нет,нет,нет,нет,нет,нет,нет,нет
43_15.mp4,нет,,,нет,,,,,нет,нет,,нет,12634,3156,1580,3268,1776,нет,нет,нет,нет,нет,нет,нет,нет,нет,нет,нет
43_15.mp4,нет,769.0,691.0,нет,,,,,нет,нет,red,нет,7370,351,1484,481,1651,нет,нет,нет,нет,нет,нет,нет,нет,нет,нет,нет
43_15.mp4,нет,159.0,155.69,нет,,,,,нет,нет,red,нет,3910,327,392,453,562,нет,нет,нет,нет,нет,нет,нет,нет,нет,нет,нет
43_15.mp4,нет,195.0,189.0,нет,,,,,нет,нет,red,нет,5415,341,448,473,609,нет,нет,нет,нет,нет,нет,нет,нет,нет,нет,нет
43_15.mp4,нет,,169.0,нет,,,,,нет,нет,red,нет,4512,312,608,439,768,нет,нет,нет,нет,нет,нет,нет,нет,нет,нет,нет
43_15.mp4,нет,,,нет,,,,,нет,нет,red,нет,150,3285,287,3378,500,нет,нет,нет,нет,нет,нет,нет,нет,нет,нет,нет
43_15.mp4,нет,159.19,139.0,нет,,,,,нет,нет,red,нет,6768,340,1367,465,1524,нет,нет,нет,нет,нет,нет,нет,нет,нет,нет,нет
43_15.mp4,юе1е,,,нет,,,,,нет,нет,yellow,нет,1053,3204,1687,3304,1869,нет,нет,нет,нет,нет,нет,нет,нет,нет,нет,нет
43_15.mp4,нет,,,нет,,,,,нет,нет,,нет,8723,3169,1521,3278,1685,нет,нет,нет,нет,нет,нет,нет,нет,нет,нет,нет
43_15.mp4,нет,,514.14,нет,,,,,нет,нет,red,нет,2557,2192,2073,2390,2159,нет,нет,нет,нет,нет,нет,нет,нет,нет,нет,нет
43_15.mp4,нет,,,нет,,,,,нет,нет,red,нет,451,3274,1294,3360,1487,нет,нет,нет,нет,нет,нет,нет,нет,нет,нет,нет
43_15.mp4,нет,,,нет,,,,,нет,нет,,нет,6016,3202,864,3331,982,нет,нет,нет,нет,нет,нет,нет,нет,нет,нет,нет
43_15.mp4,нет,,204.24,нет,,,,,нет,нет,red,нет,13235,447,1,572,114,нет,нет,нет,нет,нет,нет,нет,нет,нет,нет,нет
43_15.mp4,нет,299.0,139.0,нет,,,,,нет,нет,red,нет,14288,2231,1145,2304,1288,нет,нет,нет,нет,нет,нет,нет,нет,нет,нет,нет
43_15.mp4,нет,255.25,255.0,нет,,,,,нет,нет,red,нет,12634,2261,605,2304,716,нет,нет,нет,нет,нет,нет,нет,нет,нет,нет,нет
