video,track_id,frame_ts_ms,x_min_orig,y_min_orig,x_max_orig,y_max_orig,ocr_angle,ocr_text,ocr_items_json,barcode_raw,qr_raw,crop_path,hires_crop
26_2-10.mp4,2560,19597,2268,1022,3020,1886,270,"CANIIANI
CANTIAN
CABERNET
SAUMiGNaN
MERLOT
sAuEPSNgNE
CABERNET
CA
SAUWGNON
TERLOTL
HUt
#EH
CANTIANI
CABERNEI
TERLOT
ба4о
5/
64.1.
88: -:
849-8-9:
848: .:
7582:1
8 9-8-: 
68:.:
94
75 69
8-9:-:-
152.67
0
9
-0
6
4.","[[""CANIIANI"", 0.916615146438473, 30.0], [""CANTIAN"", 0.921910981411363, 28.0], [""CABERNET"", 0.8476280248670981, 19.0], [""SAUMiGNaN"", 0.30393428099261155, 19.0], [""MERLOT"", 0.9535017321986673, 16.0], [""sAuEPSNgNE"", 0.13295887172010618, 25.0], [""CABERNET"", 0.8998532829917774, 16.0], [""CA"", 0.5147650915054109, 16.0], [""SAUWGNON"", 0.3272300365780461, 16.0], [""TERLOTL"", 0.5621557571415176, 18.0], [""HUt"", 0.46849958726289226, 16.0], [""#EH"", 0.19489501329872733, 15.0], [""CANTIANI"", 0.7714331828215021, 36.71025170656333], [""CABERNEI"", 0.440309942514817, 24.611442075295713], [""TERLOT"", 0.7489688908083281, 19.748314552243073], [""ба4о"", 0.34489598870277405, 11.414213562373106], [""5/"", 0.08921517494734468, 15.0], [""64.1."", 0.10366792243762521, 26.0], [""88: -:"", 0.3287649032323166, 20.0], [""849-8-9:"", 0.06372899790095446, 21.5], [""848: .:"", 0.2142030828442843, 20.5], [""7582:1"", 0.200043199014063, 18.0], [""8 9-8-: "", 0.030627055623495474, 21.5], [""68:.:"", 0.23204305974926032, 18.5], [""94"", 0.28129700072568575, 19.0], [""75 69"", 0.2868686505891812, 19.5], [""8-9:-:-"", 0.21787713292442398, 16.5], [""152.67"", 0.016289045343910707, 15.0], [""0"", 0.9931871500193665, 11.0], [""9"", 0.9747289997528732, 10.0], [""-0"", 0.5705385558689148, 24.0], [""6"", 0.5543060492427685, 18.0], [""4."", 0.5422840570341022, 21.929800430283194]]",,,ml/output/tracks/best_frames/26_2-10/track_2560.jpg,
26_2-10.mp4,2622,23447,2248,1510,2926,2156,180,"3а
371
3
3
3
3
8
3

3","[[""3а"", 0.08742588739350302, 62.0], [""371"", 0.1468477044606636, 64.0], [""3"", 0.9992227872964499, 75.961969092711], [""3"", 0.7008780678430391, 75.961969092711], [""3"", 0.9484392222097462, 80.96668829410098], [""3"", 0.9565399335130884, 77.8935913536485], [""8"", 0.48839687078930183, 43.5], [""3"", 0.9426301418039351, 81.98949181302402], ["""", 0.0, 63.98997256369694], [""3"", 0.9872864655274185, 54.98622708730085]]",,,ml/output/tracks/best_frames/26_2-10/track_2622.jpg,
26_2-10.mp4,2209,15598,1054,826,1486,1406,270,"0з
3Jmlu
IA
Urauts
IVERIA
1mештъ
2
Шшым
LAMAzO
L,ш
IVERIs
ше;Етич
шпашвниЕшLиа
емал
QаJ
Еwыиz?
14
00-:
6
.:24
0
.4: 0--9/
.9
1
8456
0
.4.420
59-
-:8
62-
025
0
2.420","[[""0з"", 0.8944163544615864, 14.0], [""3Jmlu"", 0.3117261767238381, 15.0], [""IA"", 0.999904243703047, 20.0], [""Urauts"", 0.0642053649769479, 6.0], [""IVERIA"", 0.9511197484926066, 28.0], [""1mештъ"", 0.043743432239191415, 6.0], [""2"", 0.6555802303648797, 30.0], [""Шшым"", 0.1728314459323883, 8.0], [""LAMAzO"", 0.5756758863872945, 12.0], [""L,ш"", 0.01007313064607852, 11.01404025312678], [""IVERIs"", 0.5011618162082426, 40.57434088740973], [""ше;Етич"", 0.06047028715198076, 15.585428544188233], [""шпашвниЕшLиа"", 0.01666438699123094, 17.49187623976451], [""емал"", 0.034944627434015274, 9.0], [""QаJ"", 0.1097609501334361, 12.721988205115451], [""Еwыиz?"", 0.18926542901570437, 17.73531777874217], [""14"", 0.7824881942373768, 19.5], [""00-:"", 0.20258061587810516, 10.0], [""6"", 0.5413613332004843, 16.0], ["".:24"", 0.30608069896698, 28.0], [""0"", 0.709254023629402, 8.0], ["".4: 0--9/"", 0.43466219751330504, 16.0], ["".9"", 0.20457916351929903, 7.0], [""1"", 0.30171603517464973, 7.0], [""8456"", 0.1113068237900734, 12.5], [""0"", 0.09803376252654061, 8.0], ["".4.420"", 0.6516758867206921, 12.0], [""59-"", 0.28089675164740086, 13.258446834967767], [""-:8"", 0.13327332562505012, 36.91408650814758], [""62-"", 0.21172225655469712, 13.117613507720755], [""025"", 0.13382551290503428, 15.238389328639236], [""0"", 0.8752660226077893, 9.361934215157767], [""2.420"", 0.8526771446607925, 20.189308048899164]]",,,ml/output/tracks/best_frames/26_2-10/track_2209.jpg,
26_2-10.mp4,2330,13448,2138,2,2964,430,270,"NTIAN
'(ANTIANI'
ERNET
CLERNEI
ДGNON
$uuGNoN
RLOT
MERLOT
4Ф
#C]
Шпш
ЕN
шшыш
.-
46
0","[[""NTIAN"", 0.9862518682805755, 20.0], [""'(ANTIANI'"", 0.765621192257934, 33.0], [""ERNET"", 0.757346345045412, 14.0], [""CLERNEI"", 0.4596514978348769, 16.0], [""ДGNON"", 0.6625059082324768, 14.0], [""$uuGNoN"", 0.05598631944965678, 24.0], [""RLOT"", 0.6152234077453613, 12.0], [""MERLOT"", 0.6703686954762352, 19.0], [""4Ф"", 0.14753236958028987, 28.0], [""#C]"", 0.24719427747200914, 28.0], [""Шпш"", 0.8219080120896451, 6.0], [""ЕN"", 0.09875380338490054, 6.0], [""шшыш"", 0.35651965112655937, 12.479880146791857], ["".-"", 0.20765210034213846, 7.5], [""46"", 0.9468335178266802, 26.0], [""0"", 0.8930788353211803, 16.0]]",,,ml/output/tracks/best_frames/26_2-10/track_2330.jpg,
26_2-10.mp4,2258,17697,2320,1232,2894,1666,270,"HuitOR
CANI
САХTIA
ав
@ВЕRИE}
sА.ъ
SAUG
Ниn
2:
:4. 8
/18 
28: .
84
8 :5:
726
7.5:.0-","[[""HuitOR"", 0.00871409819592402, 24.0], [""CANI"", 0.9285455326408124, 36.828097617733874], [""САХTIA"", 0.3342235615452322, 33.794733192202045], [""ав"", 0.8205132180714559, 18.72386843031552], [""@ВЕRИE}"", 0.007188822072831308, 27.69230769230768], [""sА.ъ"", 0.06337577849626541, 17.695996608010148], [""SAUG"", 0.5141037899856304, 18.72386843031552], [""Ниn"", 0.0992477594987142, 18.72386843031552], [""2:"", 0.1271013993341499, 36.94006016875551], ["":4. 8"", 0.12105661664406916, 33.42478512323157], [""/18 "", 0.3421449661254883, 17.40341723552109], [""28: ."", 0.03860420585749757, 22.405991598132147], [""84"", 0.8196061157040754, 19.371073213300434], [""8 :5:"", 0.12621875368817412, 21.90122361178794], [""726"", 0.4892311144937165, 21.39609017908481], [""7.5:.0-"", 0.04924083763938223, 19.878096504713824]]",,,ml/output/tracks/best_frames/26_2-10/track_2258.jpg,
26_2-10.mp4,2166,8649,1038,1344,1586,1804,90,"'
1
7
2
34
7 ","[[""'"", 0.7414771249032128, 66.0], [""1"", 0.8968167271933112, 69.9787182707297], [""7"", 0.20092052430881324, 23.5], [""2"", 0.4919323360192074, 18.5], [""34"", 0.11664425626989552, 27.56425816745507], [""7 "", 0.13489705055205758, 27.826030210742502]]",,,ml/output/tracks/best_frames/26_2-10/track_2166.jpg,
26_2-10.mp4,2046,5299,1166,1172,1442,1660,90,"'
""
Шi#
1
3
9
96/8","[[""'"", 0.3835108688810216, 40.0], [""\"""", 0.6852494448886581, 24.0], [""Шi#"", 0.12262213425253356, 26.0], [""1"", 0.4770523204847201, 70.97932119800072], [""3"", 0.2883182385431269, 28.5], [""9"", 0.26950188911138184, 27.0], [""96/8"", 0.672020673751831, 44.416681118658616]]",,,ml/output/tracks/best_frames/26_2-10/track_2046.jpg,
26_2-10.mp4,2621,22847,2624,1692,2904,2072,0,,[],,,ml/output/tracks/best_frames/26_2-10/track_2621.jpg,
26_2-10.mp4,2487,19847,2714,310,3122,654,0,,[],,,ml/output/tracks/best_frames/26_2-10/track_2487.jpg,
26_2-10.mp4,1982,7599,1162,856,1434,1102,0,,[],,,ml/output/tracks/best_frames/26_2-10/track_1982.jpg,
26_2-10.mp4,2469,24796,2612,1180,3136,1502,0,,[],,,ml/output/tracks/best_frames/26_2-10/track_2469.jpg,
26_2-10.mp4,2572,23097,1042,0,1538,466,270,"[ШЕЧПАЛ ДОПШ?
ЛАН
ДОЛИНА
(r)
WSK
2024
202","[[""[ШЕЧПАЛ ДОПШ?"", 0.1029480742725379, 21.0], [""ЛАН"", 0.12555604368000411, 14.0], [""ДОЛИНА"", 0.4838851410555865, 14.0], [""(r)"", 0.509313702583313, 75.85614440501321], [""WSK"", 0.521923155848505, 81.9049227317775], [""2024"", 0.30930420756340027, 10.0], [""202"", 0.5962921214378284, 14.356953381770523]]",,,ml/output/tracks/best_frames/26_2-10/track_2572.jpg,
26_2-10.mp4,2348,15648,2760,284,3060,450,0,,[],,,ml/output/tracks/best_frames/26_2-10/track_2348.jpg,
26_2-10.mp4,2342,15598,2782,0,3054,238,0,,[],,,ml/output/tracks/best_frames/26_2-10/track_2342.jpg,
26_2-10.mp4,1923,2000,1582,62,2234,424,270,699,"[[""699"", 0.9999988987918347, 36.0]]",,,ml/output/tracks/best_frames/26_2-10/track_1923.jpg,
26_2-10.mp4,2026,7849,2310,958,2608,1184,180,"{
2","[[""{"", 0.729350464974349, 85.675], [""2"", 0.9159267252255496, 28.0]]",,,ml/output/tracks/best_frames/26_2-10/track_2026.jpg,
26_2-10.mp4,2453,22597,2656,1408,2944,1634,0,,[],,,ml/output/tracks/best_frames/26_2-10/track_2453.jpg,
26_2-10.mp4,1833,450,2560,1858,3034,2158,0,,[],,,ml/output/tracks/best_frames/26_2-10/track_1833.jpg,
26_2-10.mp4,2229,15448,2682,730,2956,900,0,,[],,,ml/output/tracks/best_frames/26_2-10/track_2229.jpg,
26_2-10.mp4,2024,6699,1172,420,1288,556,0,,[],,,ml/output/tracks/best_frames/26_2-10/track_2024.jpg,
26_2-10.mp4,2002,7599,1164,718,1288,836,0,,[],,,ml/output/tracks/best_frames/26_2-10/track_2002.jpg,
26_2-10.mp4,2444,19847,2664,1314,3002,1524,0,,[],,,ml/output/tracks/best_frames/26_2-10/track_2444.jpg,
26_2-10.mp4,2017,3599,1196,1528,1460,1778,90,"1
:","[[""1"", 0.9688188326680489, 85.13159233533536], ["":"", 0.9317814662868074, 34.97743100844953]]",,,ml/output/tracks/best_frames/26_2-10/track_2017.jpg,
26_2-10.mp4,1980,2950,1638,0,2192,226,90,"6
65
6660
69:","[[""6"", 0.9998407427303846, 24.0], [""65"", 0.9656339520809557, 10.0], [""6660"", 0.7221538424491882, 30.0], [""69:"", 0.362492577687429, 12.0]]",,,ml/output/tracks/best_frames/26_2-10/track_1980.jpg,
26_2-10.mp4,1848,200,1722,562,2052,1114,270,"WOW
1699=
находка","[[""WOW"", 0.9677608013153076, 19.0], [""1699="", 0.5980523939937683, 26.0], [""находка"", 0.9999982427813257, 18.0]]",,,ml/output/tracks/best_frames/26_2-10/track_1848.jpg,
26_2-10.mp4,2291,15348,1300,708,1428,778,0,,[],,,ml/output/tracks/best_frames/26_2-10/track_2291.jpg,
26_2-10.mp4,2398,15448,742,1540,862,1878,270,"'662'
WOW
находка
607","[[""'662'"", 0.9186730035688253, 27.04], [""WOW"", 0.20744373124522655, 18.325449934038673], [""находка"", 0.9840527026571618, 23.259428274270693], [""607"", 0.450053055737245, 14.0]]",,,ml/output/tracks/best_frames/26_2-10/track_2398.jpg,
26_2-10.mp4,2059,6599,1190,142,1306,264,0,,[],,,ml/output/tracks/best_frames/26_2-10/track_2059.jpg,
26_2-10.mp4,2473,17847,2270,1458,2616,1686,270,"SAUuGD
CCANII
САВЕП
MENЮjr
5- 07
98:2
84 0","[[""SAUuGD"", 0.24378309494011974, 20.759999999999998], [""CCANII"", 0.33612800974172186, 30.982500724001202], [""САВЕП"", 0.15481795900097142, 22.35692307692308], [""MENЮjr"", 0.06299600153327806, 19.496817049441663], [""5- 07"", 0.09553432523196002, 16.0], [""98:2"", 0.17031973600387573, 20.89055372888982], [""84 0"", 0.34459125995635986, 20.89055372888982]]",,,ml/output/tracks/best_frames/26_2-10/track_2473.jpg,
26_2-10.mp4,2262,16748,2624,832,2958,1032,0,,[],,,ml/output/tracks/best_frames/26_2-10/track_2262.jpg,
26_2-10.mp4,2124,7099,1202,1760,1326,2030,0,BILманя,"[[""BILманя"", 0.09033136155946606, 10.8]]",,,ml/output/tracks/best_frames/26_2-10/track_2124.jpg,
26_2-10.mp4,1864,1950,1116,724,1504,972,0,,[],,,ml/output/tracks/best_frames/26_2-10/track_1864.jpg,
26_2-10.mp4,1846,1650,1714,490,2102,798,0,"3
6
8
5","[[""3"", 0.7808041495720772, 46.56], [""6"", 0.39670009803762696, 17.46], [""8"", 0.9979747069888987, 49.5], [""5"", 0.917251653132908, 19.0]]",,,ml/output/tracks/best_frames/26_2-10/track_1846.jpg,
26_2-10.mp4,2549,19497,2614,1712,2848,1888,0,,[],,,ml/output/tracks/best_frames/26_2-10/track_2549.jpg,
26_2-10.mp4,2471,22747,1888,1168,1986,1384,90,"€6
699
@Og
66 0 - 08-/","[[""€6"", 0.9726438901239783, 9.72], [""699"", 0.9711510971293782, 30.24], [""@Og"", 0.5229206970247992, 12.959999999999999], [""66 0 - 08-/"", 0.15215402796100766, 12.0]]",,,ml/output/tracks/best_frames/26_2-10/track_2471.jpg,
26_2-10.mp4,2669,26846,2674,1804,2968,1960,0,,[],,,ml/output/tracks/best_frames/26_2-10/track_2669.jpg,
26_2-10.mp4,2634,30596,1088,1834,1488,2040,180,":
s
5
","[["":"", 0.7371703516695369, 52.0], [""s"", 0.7408004052397388, 62.0], [""5"", 0.4186732695603155, 18.5], ["""", 0.0, 12.0]]",,,ml/output/tracks/best_frames/26_2-10/track_2634.jpg,
26_2-10.mp4,1924,1300,1194,290,1484,486,0,,[],,,ml/output/tracks/best_frames/26_2-10/track_1924.jpg,
26_2-10.mp4,2603,23147,1154,2102,1310,2158,0,,[],,,ml/output/tracks/best_frames/26_2-10/track_2603.jpg,
26_2-10.mp4,2698,26446,1820,1872,1966,2106,270,"N
по мнению
покупателей","[[""N"", 0.15498277407768857, 4.680000000000001], [""по мнению"", 0.9772385545789966, 16.38], [""покупателей"", 0.9997205897268673, 22.560167675927246]]",,,ml/output/tracks/best_frames/26_2-10/track_2698.jpg,
26_2-10.mp4,2508,18897,2804,28,3118,136,0,,[],,,ml/output/tracks/best_frames/26_2-10/track_2508.jpg,
26_2-10.mp4,2078,8799,1950,102,2106,328,0,"8
6","[[""8"", 0.992407127095877, 48.589999999999996], [""6"", 0.511983917491321, 12.43]]",,,ml/output/tracks/best_frames/26_2-10/track_2078.jpg,
26_2-10.mp4,2656,24996,2618,1906,2860,2056,0,,[],,,ml/output/tracks/best_frames/26_2-10/track_2656.jpg,
26_2-10.mp4,2523,18897,2704,1506,2870,1660,0,,[],,,ml/output/tracks/best_frames/26_2-10/track_2523.jpg,
26_2-10.mp4,2090,11498,590,856,776,1326,270,"662
находга","[[""662"", 0.9999900891323605, 26.0], [""находга"", 0.8995450710571233, 21.0]]",,,ml/output/tracks/best_frames/26_2-10/track_2090.jpg,
26_2-10.mp4,1879,700,1196,64,1504,280,0,,[],,,ml/output/tracks/best_frames/26_2-10/track_1879.jpg,
26_2-10.mp4,2441,17597,1296,1452,1414,1514,0,8 ,"[[""8 "", 0.17324835679432296, 14.0]]",,,ml/output/tracks/best_frames/26_2-10/track_2441.jpg,
26_2-10.mp4,2393,14548,1358,270,1480,330,180,@igaie,"[[""@igaie"", 0.07217236530330817, 29.89]]",,,ml/output/tracks/best_frames/26_2-10/track_2393.jpg,
26_2-10.mp4,2190,9599,1660,1514,2030,1790,270,999,"[[""999"", 0.9999976599328428, 33.3]]",,,ml/output/tracks/best_frames/26_2-10/track_2190.jpg,
26_2-10.mp4,2718,29396,1056,1980,1534,2158,180,"'#I
s","[[""'#I"", 0.21340213225767052, 22.0], [""s"", 0.30872313862247225, 26.0]]",,,ml/output/tracks/best_frames/26_2-10/track_2718.jpg,
26_2-10.mp4,1939,1550,1968,518,2074,754,270,"~279
)1299'
9
1","[[""~279"", 0.43460086646459883, 14.16], ["")1299'"", 0.9809624472737333, 30.09], [""9"", 0.707490382447876, 11.8], [""1"", 0.6100524583421816, 5.5]]",,,ml/output/tracks/best_frames/26_2-10/track_1939.jpg,
26_2-10.mp4,2312,12548,2324,164,2666,304,270,"RNEI
GNON
Lог
TIAM
9.:
1
6 98","[[""RNEI"", 0.9875190132170005, 13.680000000000001], [""GNON"", 0.9878548979759216, 13.680000000000001], [""Lог"", 0.5495182330573134, 13.680000000000001], [""TIAM"", 0.14597614109516144, 28.028175597161848], [""9.:"", 0.04802054305198177, 7.5], [""1"", 0.7495137996337498, 12.0], [""6 98"", 0.19659622013568878, 17.84604989415154]]",,,ml/output/tracks/best_frames/26_2-10/track_2312.jpg,
26_2-10.mp4,2168,9349,2606,1280,2822,1404,0,,[],,,ml/output/tracks/best_frames/26_2-10/track_2168.jpg,
26_2-10.mp4,2094,5749,1966,590,2252,738,90,{,"[[""{"", 0.7008732774424722, 98.67]]",,,ml/output/tracks/best_frames/26_2-10/track_2094.jpg,
26_2-10.mp4,2238,15448,690,906,776,1100,90,"Iаr
CG
""бZZC
'Bc
65
026  84","[[""Iаr"", 0.20104349922289677, 8.73], [""CG"", 0.9939967524709389, 7.760000000000001], [""\""бZZC"", 0.9180246409955033, 29.585000000000004], [""'Bc"", 0.3170831955066615, 8.73], [""65"", 0.4799275164486941, 9.0], [""026  84"", 0.19457758678469814, 13.0]]",,,ml/output/tracks/best_frames/26_2-10/track_2238.jpg,
26_2-10.mp4,2005,3649,1940,786,2046,1010,90,"65
669
(ogg
65 0 0 -  8:","[[""65"", 0.8901364798619973, 8.959999999999999], [""669"", 0.9999735710488722, 29.119999999999997], [""(ogg"", 0.5021952986717224, 13.44], [""65 0 0 -  8:"", 0.32868549830561444, 16.5]]",,,ml/output/tracks/best_frames/26_2-10/track_2005.jpg,
26_2-10.mp4,2467,17897,2302,1290,2616,1444,270,"MEU
CANI
аъы
ашъ
.: 
8
55","[[""MEU"", 0.14056435146929022, 14.13], [""CANI"", 0.9469912051062946, 38.342577807354616], [""аъы"", 0.1537476326642759, 22.540416809379725], [""ашъ"", 0.023523894609926006, 17.90249101455357], ["".: "", 0.4186290404908518, 17.908959956070056], [""8"", 0.9983769094078276, 18.863439934105088], [""55"", 0.19532271220901454, 16.313246282171107]]",,,ml/output/tracks/best_frames/26_2-10/track_2467.jpg,
26_2-10.mp4,1983,2750,1920,0,2122,146,0,"8
#","[[""8"", 0.9777004295294525, 54.54], [""#"", 0.4077786619069492, 11.11]]",,,ml/output/tracks/best_frames/26_2-10/track_1983.jpg,
26_2-10.mp4,2409,23147,730,1612,822,1790,180,"E
6
9","[[""E"", 0.22830686305042036, 17.799999999999997], [""6"", 0.9836484614789356, 18.689999999999998], [""9"", 0.9998122541819079, 48.28124176472554]]",,,ml/output/tracks/best_frames/26_2-10/track_2409.jpg,
26_2-10.mp4,2180,10099,2750,1578,2982,1732,0,,[],,,ml/output/tracks/best_frames/26_2-10/track_2180.jpg,
26_2-10.mp4,1835,7899,768,1736,856,1906,270,799,"[[""799"", 0.91478821205327, 24.681662957175885]]",,,ml/output/tracks/best_frames/26_2-10/track_1835.jpg,
26_2-10.mp4,2596,22797,2410,1058,2472,1234,0,,[],,,ml/output/tracks/best_frames/26_2-10/track_2596.jpg,
26_2-10.mp4,1984,7799,706,340,794,548,270,"26
769
шашI

65","[[""26"", 0.5815341190779474, 8.32], [""769"", 0.9999977287583369, 28.599999999999998], [""шашI"", 0.23959916830062866, 8.32], ["""", 0.0, 6.5], [""65"", 0.4409883955176624, 12.0]]",,,ml/output/tracks/best_frames/26_2-10/track_1984.jpg,
26_2-10.mp4,2423,23047,1104,1556,1224,1676,0,,[],,,ml/output/tracks/best_frames/26_2-10/track_2423.jpg,
26_2-10.mp4,2323,15098,708,206,802,410,270,"2B9
279
61","[[""2B9"", 0.6709002256393433, 10.200000000000001], [""279"", 0.5513694882392883, 28.05], [""61"", 0.33169295665778575, 12.0]]",,,ml/output/tracks/best_frames/26_2-10/track_2323.jpg,
26_2-10.mp4,2371,23147,1118,1752,1236,1874,0,,[],,,ml/output/tracks/best_frames/26_2-10/track_2371.jpg,
26_2-10.mp4,1826,50,1930,1046,2044,1278,270,"zf
1679=","[[""zf"", 0.4205545792622261, 13.920000000000002], [""1679="", 0.3513056479393903, 24.360000000000003]]",,,ml/output/tracks/best_frames/26_2-10/track_1826.jpg,
26_2-10.mp4,2623,30546,780,1878,882,2040,270,"'759
mnma","[[""'759"", 0.9482717514038086, 31.05186510507229], [""mnma"", 0.31498923897743225, 14.925089249152451]]",,,ml/output/tracks/best_frames/26_2-10/track_2623.jpg,
26_2-10.mp4,1945,2900,2698,296,2874,404,0,,[],,,ml/output/tracks/best_frames/26_2-10/track_1945.jpg,
26_2-10.mp4,1954,2550,650,0,936,260,0,,[],,,ml/output/tracks/best_frames/26_2-10/track_1954.jpg,
26_2-10.mp4,2155,8099,1950,958,2038,1184,90,"66
66б.
(g2
66
199996 ","[[""66"", 0.997175392230313, 11.299999999999999], [""66б."", 0.309725284576416, 33.9], [""(g2"", 0.3625234873745806, 13.559999999999999], [""66"", 0.9991040755959123, 9.5], [""199996 "", 0.10889354964467379, 9.5]]",,,ml/output/tracks/best_frames/26_2-10/track_2155.jpg,
26_2-10.mp4,2436,16748,2882,158,3056,270,0,,[],,,ml/output/tracks/best_frames/26_2-10/track_2436.jpg,
26_2-10.mp4,2164,8599,2890,1170,3058,1264,0,,[],,,ml/output/tracks/best_frames/26_2-10/track_2164.jpg,
26_2-10.mp4,2430,16548,2766,158,2930,252,0,,[],,,ml/output/tracks/best_frames/26_2-10/track_2430.jpg,
26_2-10.mp4,2067,6499,1738,144,1842,240,0,,[],,,ml/output/tracks/best_frames/26_2-10/track_2067.jpg,
26_2-10.mp4,2519,23147,682,666,760,858,90,"Ii
06
6lZ6
051 ","[[""Ii"", 0.7260057410682872, 11.52], [""06"", 0.7046888892557333, 6.72], [""6lZ6"", 0.4533860981464386, 24.959999999999997], [""051 "", 0.15749505162239075, 9.5]]",,,ml/output/tracks/best_frames/26_2-10/track_2519.jpg,
26_2-10.mp4,2689,25746,2734,1702,2836,1762,0,,[],,,ml/output/tracks/best_frames/26_2-10/track_2689.jpg,
26_2-10.mp4,1858,200,1334,2042,1476,2158,0,AGOI,"[[""AGOI"", 0.4370555610795815, 17.395]]",,,ml/output/tracks/best_frames/26_2-10/track_1858.jpg,
26_2-10.mp4,2528,21997,1892,824,1994,902,90,СБ,"[[""СБ"", 0.5446355798375256, 8.16]]",,,ml/output/tracks/best_frames/26_2-10/track_2528.jpg,
26_2-10.mp4,2715,30096,2152,1922,2536,2158,90,"0'
d
8.","[[""0'"", 0.36560972803349656, 51.839999999999996], [""d"", 0.9675624540495029, 115.19999999999999], [""8."", 0.13734741659008143, 47.0]]",,,ml/output/tracks/best_frames/26_2-10/track_2715.jpg,
26_2-10.mp4,2422,16548,1298,1012,1416,1074,0,,[],,,ml/output/tracks/best_frames/26_2-10/track_2422.jpg,
26_2-10.mp4,2091,7749,2624,886,2742,948,0,,[],,,ml/output/tracks/best_frames/26_2-10/track_2091.jpg,
26_2-10.mp4,2071,7749,2714,1152,2842,1224,0,,[],,,ml/output/tracks/best_frames/26_2-10/track_2071.jpg,
26_2-10.mp4,1829,50,1932,1410,2032,1622,270,"1399
","[[""1399"", 0.9996522068977356, 26.5], ["""", 0.0, 6.5]]",,,ml/output/tracks/best_frames/26_2-10/track_1829.jpg,
26_2-10.mp4,2243,15698,1684,1936,1792,2022,0,,[],,,ml/output/tracks/best_frames/26_2-10/track_2243.jpg,
26_2-10.mp4,1949,7749,1216,1918,1288,2030,0,,[],,,ml/output/tracks/best_frames/26_2-10/track_1949.jpg,
26_2-10.mp4,2628,23997,0,1594,174,2158,0,,[],,,ml/output/tracks/best_frames/26_2-10/track_2628.jpg,
26_2-10.mp4,1827,1250,804,1822,906,1990,90,"669
10","[[""669"", 0.9999984858388146, 32.71886322365733], [""10"", 0.10313039203731482, 9.5]]",,,ml/output/tracks/best_frames/26_2-10/track_1827.jpg,
26_2-10.mp4,2664,25096,2674,2060,2868,2158,0,,[],,,ml/output/tracks/best_frames/26_2-10/track_2664.jpg,
26_2-10.mp4,1931,2000,50,0,178,230,0,,[],,,ml/output/tracks/best_frames/26_2-10/track_1931.jpg,
26_2-10.mp4,2226,11298,1904,1978,2166,2126,270,[,"[[""["", 0.2978977380651173, 92.35499999999999]]",,,ml/output/tracks/best_frames/26_2-10/track_2226.jpg,
26_2-10.mp4,2165,8649,2708,1300,2830,1360,0,,[],,,ml/output/tracks/best_frames/26_2-10/track_2165.jpg,
26_2-10.mp4,2492,18247,754,1802,852,1974,270,279,"[[""279"", 0.8965931534767151, 29.845689468885286]]",,,ml/output/tracks/best_frames/26_2-10/track_2492.jpg,
26_2-10.mp4,2370,15548,850,2086,934,2158,180,г,"[[""г"", 0.766063678498913, 13.86]]",,,ml/output/tracks/best_frames/26_2-10/track_2370.jpg,
26_2-10.mp4,1828,7499,74,1520,134,1662,270,719,"[[""719"", 0.8295127749443054, 18.08440438920895]]",,,ml/output/tracks/best_frames/26_2-10/track_1828.jpg,
26_2-10.mp4,1899,1150,1656,26,2084,136,0,,[],,,ml/output/tracks/best_frames/26_2-10/track_1899.jpg,
26_2-10.mp4,1841,1650,1168,1010,1256,1160,0,,[],,,ml/output/tracks/best_frames/26_2-10/track_1841.jpg,
26_2-10.mp4,2265,11498,114,1730,212,1984,270,379,"[[""379"", 0.6764281115332241, 19.858204421389914]]",,,ml/output/tracks/best_frames/26_2-10/track_2265.jpg,
26_2-10.mp4,2183,10099,1684,814,1824,946,0,,[],,,ml/output/tracks/best_frames/26_2-10/track_2183.jpg,
26_2-10.mp4,2022,4099,676,0,916,116,270,769,"[[""769"", 0.9999995870469189, 30.599999999999998]]",,,ml/output/tracks/best_frames/26_2-10/track_2022.jpg,
26_2-10.mp4,2529,18997,2622,1716,2758,1788,0,,[],,,ml/output/tracks/best_frames/26_2-10/track_2529.jpg,
26_2-10.mp4,2195,12098,0,808,52,980,180,{,"[[""{"", 0.239196955027702, 33.54]]",,,ml/output/tracks/best_frames/26_2-10/track_2195.jpg,
26_2-10.mp4,2246,10548,1664,1544,1774,1638,0,,[],,,ml/output/tracks/best_frames/26_2-10/track_2246.jpg,
26_2-10.mp4,2293,11498,1690,1656,1794,1790,0,,[],,,ml/output/tracks/best_frames/26_2-10/track_2293.jpg,
26_2-10.mp4,2514,19747,2650,1936,2786,2012,0,,[],,,ml/output/tracks/best_frames/26_2-10/track_2514.jpg,
26_2-10.mp4,1838,50,468,1976,540,2088,90,"dhl
 :.","[[""dhl"", 0.29546533328824465, 30.245767129021818], ["" :."", 0.4117946072470066, 15.0]]",,,ml/output/tracks/best_frames/26_2-10/track_1838.jpg,
26_2-10.mp4,2116,7849,2756,954,2868,1004,0,,[],,,ml/output/tracks/best_frames/26_2-10/track_2116.jpg,
26_2-10.mp4,1837,100,1924,2004,2012,2152,270,"1499
1 :","[[""1499"", 0.999948263168335, 31.45], [""1 :"", 0.35029964522634366, 13.0]]",,,ml/output/tracks/best_frames/26_2-10/track_1837.jpg,
26_2-10.mp4,2325,12248,1672,2076,1806,2158,0,,[],,,ml/output/tracks/best_frames/26_2-10/track_2325.jpg,
26_2-10.mp4,1915,1150,382,1768,518,1920,0,,[],,,ml/output/tracks/best_frames/26_2-10/track_1915.jpg,
26_2-10.mp4,2023,7699,1718,958,1926,1076,0,,[],,,ml/output/tracks/best_frames/26_2-10/track_2023.jpg,
26_2-10.mp4,2011,3899,3050,16,3258,178,0,,[],,,ml/output/tracks/best_frames/26_2-10/track_2011.jpg,
26_2-10.mp4,2213,14498,222,974,306,1112,0,,[],,,ml/output/tracks/best_frames/26_2-10/track_2213.jpg,
26_2-10.mp4,2296,15648,248,546,330,712,0,,[],,,ml/output/tracks/best_frames/26_2-10/track_2296.jpg,
26_2-10.mp4,1862,550,1188,48,1316,198,0,,[],,,ml/output/tracks/best_frames/26_2-10/track_1862.jpg,
26_2-10.mp4,1831,1350,130,1694,196,1836,90,622,"[[""622"", 0.5867817439434106, 22.356694649634015]]",,,ml/output/tracks/best_frames/26_2-10/track_1831.jpg,
26_2-10.mp4,1881,600,352,1622,492,1784,0,,[],,,ml/output/tracks/best_frames/26_2-10/track_1881.jpg,
26_2-10.mp4,2580,24496,24,366,80,518,0,,[],,,ml/output/tracks/best_frames/26_2-10/track_2580.jpg,
26_2-10.mp4,1834,50,230,1974,326,2158,0,,[],,,ml/output/tracks/best_frames/26_2-10/track_1834.jpg,
26_2-10.mp4,2242,15648,218,762,290,920,0,,[],,,ml/output/tracks/best_frames/26_2-10/track_2242.jpg,
26_2-10.mp4,2489,19097,36,236,102,384,0,,[],,,ml/output/tracks/best_frames/26_2-10/track_2489.jpg,
26_2-10.mp4,2167,8599,1720,296,1834,392,0,3,"[[""3"", 0.2598159039395256, 10.26]]",,,ml/output/tracks/best_frames/26_2-10/track_2167.jpg,
26_2-10.mp4,2382,15648,256,2080,320,2158,90,52 ;,"[[""52 ;"", 0.2847025692462921, 18.349531501246577]]",,,ml/output/tracks/best_frames/26_2-10/track_2382.jpg,
26_2-10.mp4,2706,27996,286,2,438,116,270,"алuцынъ
3","[[""алuцынъ"", 0.21226026250944444, 19.0], [""3"", 0.1761577435732784, 6.5]]",,,ml/output/tracks/best_frames/26_2-10/track_2706.jpg,
26_2-10.mp4,1970,6349,1706,1234,1916,1350,0,,[],,,ml/output/tracks/best_frames/26_2-10/track_1970.jpg,
26_2-10.mp4,1842,3300,158,1796,224,1932,270,779,"[[""779"", 0.6201511025428772, 20.322544383503285]]",,,ml/output/tracks/best_frames/26_2-10/track_1842.jpg,
26_2-10.mp4,2384,15648,298,1216,348,1284,0,,[],,,ml/output/tracks/best_frames/26_2-10/track_2384.jpg,
26_2-10.mp4,2107,7649,74,60,132,206,90,с>,"[[""с>"", 0.6009156441780569, 17.828077579215844]]",,,ml/output/tracks/best_frames/26_2-10/track_2107.jpg,
26_2-10.mp4,2448,23197,54,1388,106,1530,270,659,"[[""659"", 0.4792000353336334, 14.724700476363882]]",,,ml/output/tracks/best_frames/26_2-10/track_2448.jpg,
26_2-10.mp4,2244,10548,1720,1312,1784,1402,0,,[],,,ml/output/tracks/best_frames/26_2-10/track_2244.jpg,
26_2-10.mp4,2693,28096,26,462,88,634,0,,[],,,ml/output/tracks/best_frames/26_2-10/track_2693.jpg,
26_2-10.mp4,2437,16798,0,900,38,1068,0,,[],,,ml/output/tracks/best_frames/26_2-10/track_2437.jpg,
26_2-10.mp4,2672,25446,42,1342,88,1486,0,,[],,,ml/output/tracks/best_frames/26_2-10/track_2672.jpg,
26_2-10.mp4,2114,6799,3302,1592,3616,1888,0,,[],,,ml/output/tracks/best_frames/26_2-10/track_2114.jpg,
26_2-10.mp4,2004,3200,446,2038,590,2158,0,,[],,,ml/output/tracks/best_frames/26_2-10/track_2004.jpg,
26_2-10.mp4,1893,950,1734,1318,1932,1424,0,,[],,,ml/output/tracks/best_frames/26_2-10/track_1893.jpg,
26_2-10.mp4,2368,16098,74,2,148,150,0,,[],,,ml/output/tracks/best_frames/26_2-10/track_2368.jpg,
26_2-10.mp4,2013,4099,1722,2010,1904,2116,0,,[],,,ml/output/tracks/best_frames/26_2-10/track_2013.jpg,
26_2-10.mp4,2347,12898,2786,1662,2924,1734,0,,[],,,ml/output/tracks/best_frames/26_2-10/track_2347.jpg,
26_2-10.mp4,2189,11898,580,796,674,882,0,,[],,,ml/output/tracks/best_frames/26_2-10/track_2189.jpg,
26_2-10.mp4,2264,10898,36,1226,90,1374,0,,[],,,ml/output/tracks/best_frames/26_2-10/track_2264.jpg,
26_2-10.mp4,2286,11648,266,742,316,820,0,,[],,,ml/output/tracks/best_frames/26_2-10/track_2286.jpg,
26_2-10.mp4,2659,24896,494,1996,580,2088,0,,[],,,ml/output/tracks/best_frames/26_2-10/track_2659.jpg,
26_2-10.mp4,2310,16698,666,1684,738,1760,0,,[],,,ml/output/tracks/best_frames/26_2-10/track_2310.jpg,
26_2-10.mp4,2035,4299,68,178,120,324,0,,[],,,ml/output/tracks/best_frames/26_2-10/track_2035.jpg,
26_2-10.mp4,1934,7599,1710,1736,1900,1830,0,,[],,,ml/output/tracks/best_frames/26_2-10/track_1934.jpg,
26_2-10.mp4,2569,19947,0,1638,82,1938,0,,[],,,ml/output/tracks/best_frames/26_2-10/track_2569.jpg,
26_2-10.mp4,1836,1900,1764,848,1882,952,0,,[],,,ml/output/tracks/best_frames/26_2-10/track_1836.jpg,
26_2-10.mp4,2308,11898,2778,1650,2882,1704,0,,[],,,ml/output/tracks/best_frames/26_2-10/track_2308.jpg,
26_2-10.mp4,2082,7849,0,0,38,86,0,,[],,,ml/output/tracks/best_frames/26_2-10/track_2082.jpg,
26_2-10.mp4,2468,17397,4,1704,54,1880,0,,[],,,ml/output/tracks/best_frames/26_2-10/track_2468.jpg,
26_2-10.mp4,2306,12048,0,14,32,168,0,,[],,,ml/output/tracks/best_frames/26_2-10/track_2306.jpg,
