video,track_id,frame_idx,frame_ts_ms,x_min,y_min,x_max,y_max,x_min_orig,y_min_orig,x_max_orig,y_max_orig,sharpness,area,crop_path
26_2-10.mp4,2560,392,19597,1134,511,1510,943,2268,1022,3020,1886,8463.5,162432,ml/output/tracks/best_frames/26_2-10/track_2560.jpg
26_2-10.mp4,2622,469,23447,1124,755,1463,1078,2248,1510,2926,2156,8609.3,109497,ml/output/tracks/best_frames/26_2-10/track_2622.jpg
26_2-10.mp4,2209,312,15598,527,413,743,703,1054,826,1486,1406,11414.6,62640,ml/output/tracks/best_frames/26_2-10/track_2209.jpg
26_2-10.mp4,2330,269,13448,1069,1,1482,215,2138,2,2964,430,7763.2,88382,ml/output/tracks/best_frames/26_2-10/track_2330.jpg
26_2-10.mp4,2258,354,17697,1160,616,1447,833,2320,1232,2894,1666,8014.4,62279,ml/output/tracks/best_frames/26_2-10/track_2258.jpg
26_2-10.mp4,2166,173,8649,519,672,793,902,1038,1344,1586,1804,7905.2,63020,ml/output/tracks/best_frames/26_2-10/track_2166.jpg
26_2-10.mp4,2046,106,5299,583,586,721,830,1166,1172,1442,1660,13393.7,33672,ml/output/tracks/best_frames/26_2-10/track_2046.jpg
26_2-10.mp4,2621,457,22847,1312,846,1452,1036,2624,1692,2904,2072,15853.1,26600,ml/output/tracks/best_frames/26_2-10/track_2621.jpg
26_2-10.mp4,2487,397,19847,1357,155,1561,327,2714,310,3122,654,11742.5,35088,ml/output/tracks/best_frames/26_2-10/track_2487.jpg
26_2-10.mp4,1982,152,7599,581,428,717,551,1162,856,1434,1102,23454.4,16728,ml/output/tracks/best_frames/26_2-10/track_1982.jpg
26_2-10.mp4,2469,496,24796,1306,590,1568,751,2612,1180,3136,1502,7888.6,42182,ml/output/tracks/best_frames/26_2-10/track_2469.jpg
26_2-10.mp4,2572,462,23097,521,0,769,233,1042,0,1538,466,5203.0,57784,ml/output/tracks/best_frames/26_2-10/track_2572.jpg
26_2-10.mp4,2348,313,15648,1380,142,1530,225,2760,284,3060,450,22862.1,12450,ml/output/tracks/best_frames/26_2-10/track_2348.jpg
26_2-10.mp4,2342,312,15598,1391,0,1527,119,2782,0,3054,238,17350.9,16184,ml/output/tracks/best_frames/26_2-10/track_2342.jpg
26_2-10.mp4,1923,40,2000,791,31,1117,212,1582,62,2234,424,4557.4,59006,ml/output/tracks/best_frames/26_2-10/track_1923.jpg
26_2-10.mp4,2026,157,7849,1155,479,1304,592,2310,958,2608,1184,14028.4,16837,ml/output/tracks/best_frames/26_2-10/track_2026.jpg
26_2-10.mp4,2453,452,22597,1328,704,1472,817,2656,1408,2944,1634,14288.9,16272,ml/output/tracks/best_frames/26_2-10/track_2453.jpg
26_2-10.mp4,1833,9,450,1280,929,1517,1079,2560,1858,3034,2158,6266.8,35550,ml/output/tracks/best_frames/26_2-10/track_1833.jpg
26_2-10.mp4,2229,309,15448,1341,365,1478,450,2682,730,2956,900,18085.9,11645,ml/output/tracks/best_frames/26_2-10/track_2229.jpg
26_2-10.mp4,2024,134,6699,586,210,644,278,1172,420,1288,556,44177.3,3944,ml/output/tracks/best_frames/26_2-10/track_2024.jpg
26_2-10.mp4,2002,152,7599,582,359,644,418,1164,718,1288,836,46789.5,3658,ml/output/tracks/best_frames/26_2-10/track_2002.jpg
26_2-10.mp4,2444,397,19847,1332,657,1501,762,2664,1314,3002,1524,9378.1,17745,ml/output/tracks/best_frames/26_2-10/track_2444.jpg
26_2-10.mp4,2017,72,3599,598,764,730,889,1196,1528,1460,1778,9808.0,16500,ml/output/tracks/best_frames/26_2-10/track_2017.jpg
26_2-10.mp4,1980,59,2950,819,0,1096,113,1638,0,2192,226,5150.6,31301,ml/output/tracks/best_frames/26_2-10/track_1980.jpg
26_2-10.mp4,1848,4,200,861,281,1026,557,1722,562,2052,1114,3364.6,45540,ml/output/tracks/best_frames/26_2-10/track_1848.jpg
26_2-10.mp4,2291,307,15348,650,354,714,389,1300,708,1428,778,62276.4,2240,ml/output/tracks/best_frames/26_2-10/track_2291.jpg
26_2-10.mp4,2398,309,15448,371,770,431,939,742,1540,862,1878,13241.3,10140,ml/output/tracks/best_frames/26_2-10/track_2398.jpg
26_2-10.mp4,2059,132,6599,595,71,653,132,1190,142,1306,264,37760.1,3538,ml/output/tracks/best_frames/26_2-10/track_2059.jpg
26_2-10.mp4,2473,357,17847,1135,729,1308,843,2270,1458,2616,1686,6541.6,19722,ml/output/tracks/best_frames/26_2-10/track_2473.jpg
26_2-10.mp4,2262,335,16748,1312,416,1479,516,2624,832,2958,1032,7703.2,16700,ml/output/tracks/best_frames/26_2-10/track_2262.jpg
26_2-10.mp4,2124,142,7099,601,880,663,1015,1202,1760,1326,2030,14968.1,8370,ml/output/tracks/best_frames/26_2-10/track_2124.jpg
26_2-10.mp4,1864,39,1950,558,362,752,486,1116,724,1504,972,5142.2,24056,ml/output/tracks/best_frames/26_2-10/track_1864.jpg
26_2-10.mp4,1846,33,1650,857,245,1051,399,1714,490,2102,798,4117.6,29876,ml/output/tracks/best_frames/26_2-10/track_1846.jpg
26_2-10.mp4,2549,390,19497,1307,856,1424,944,2614,1712,2848,1888,11737.1,10296,ml/output/tracks/best_frames/26_2-10/track_2549.jpg
26_2-10.mp4,2471,455,22747,944,584,993,692,1888,1168,1986,1384,22619.6,5292,ml/output/tracks/best_frames/26_2-10/track_2471.jpg
26_2-10.mp4,2669,537,26846,1337,902,1484,980,2674,1804,2968,1960,10316.1,11466,ml/output/tracks/best_frames/26_2-10/track_2669.jpg
26_2-10.mp4,2634,612,30596,544,917,744,1020,1088,1834,1488,2040,5547.8,20600,ml/output/tracks/best_frames/26_2-10/track_2634.jpg
26_2-10.mp4,1924,26,1300,597,145,742,243,1194,290,1484,486,7714.7,14210,ml/output/tracks/best_frames/26_2-10/track_1924.jpg
26_2-10.mp4,2603,463,23147,577,1051,655,1079,1154,2102,1310,2158,47016.2,2184,ml/output/tracks/best_frames/26_2-10/track_2603.jpg
26_2-10.mp4,2698,529,26446,910,936,983,1053,1820,1872,1966,2106,11964.6,8541,ml/output/tracks/best_frames/26_2-10/track_2698.jpg
26_2-10.mp4,2508,378,18897,1402,14,1559,68,2804,28,3118,136,11499.4,8478,ml/output/tracks/best_frames/26_2-10/track_2508.jpg
26_2-10.mp4,2078,176,8799,975,51,1053,164,1950,102,2106,328,10906.4,8814,ml/output/tracks/best_frames/26_2-10/track_2078.jpg
26_2-10.mp4,2656,500,24996,1309,953,1430,1028,2618,1906,2860,2056,9485.1,9075,ml/output/tracks/best_frames/26_2-10/track_2656.jpg
26_2-10.mp4,2523,378,18897,1352,753,1435,830,2704,1506,2870,1660,12942.6,6391,ml/output/tracks/best_frames/26_2-10/track_2523.jpg
26_2-10.mp4,2090,230,11498,295,428,388,663,590,856,776,1326,3671.5,21855,ml/output/tracks/best_frames/26_2-10/track_2090.jpg
26_2-10.mp4,1879,14,700,598,32,752,140,1196,64,1504,280,4819.3,16632,ml/output/tracks/best_frames/26_2-10/track_1879.jpg
26_2-10.mp4,2441,352,17597,648,726,707,757,1296,1452,1414,1514,42802.6,1829,ml/output/tracks/best_frames/26_2-10/track_2441.jpg
26_2-10.mp4,2393,291,14548,679,135,740,165,1358,270,1480,330,39910.3,1830,ml/output/tracks/best_frames/26_2-10/track_2393.jpg
26_2-10.mp4,2190,192,9599,830,757,1015,895,1660,1514,2030,1790,2816.9,25530,ml/output/tracks/best_frames/26_2-10/track_2190.jpg
26_2-10.mp4,2718,588,29396,528,990,767,1079,1056,1980,1534,2158,3313.8,21271,ml/output/tracks/best_frames/26_2-10/track_2718.jpg
26_2-10.mp4,1939,31,1550,984,259,1037,377,1968,518,2074,754,11152.5,6254,ml/output/tracks/best_frames/26_2-10/track_1939.jpg
26_2-10.mp4,2312,251,12548,1162,82,1333,152,2324,164,2666,304,5765.3,11970,ml/output/tracks/best_frames/26_2-10/track_2312.jpg
26_2-10.mp4,2168,187,9349,1303,640,1411,702,2606,1280,2822,1404,10033.1,6696,ml/output/tracks/best_frames/26_2-10/track_2168.jpg
26_2-10.mp4,2094,115,5749,983,295,1126,369,1966,590,2252,738,6211.5,10582,ml/output/tracks/best_frames/26_2-10/track_2094.jpg
26_2-10.mp4,2238,309,15448,345,453,388,550,690,906,776,1100,15158.2,4171,ml/output/tracks/best_frames/26_2-10/track_2238.jpg
26_2-10.mp4,2005,73,3649,970,393,1023,505,1940,786,2046,1010,10554.6,5936,ml/output/tracks/best_frames/26_2-10/track_2005.jpg
26_2-10.mp4,2467,358,17897,1151,645,1308,722,2302,1290,2616,1444,5003.6,12089,ml/output/tracks/best_frames/26_2-10/track_2467.jpg
26_2-10.mp4,1983,55,2750,960,0,1061,73,1920,0,2122,146,8145.0,7373,ml/output/tracks/best_frames/26_2-10/track_1983.jpg
26_2-10.mp4,2409,463,23147,365,806,411,895,730,1612,822,1790,14167.5,4094,ml/output/tracks/best_frames/26_2-10/track_2409.jpg
26_2-10.mp4,2180,202,10099,1375,789,1491,866,2750,1578,2982,1732,6292.7,8932,ml/output/tracks/best_frames/26_2-10/track_2180.jpg
26_2-10.mp4,1835,158,7899,384,868,428,953,768,1736,856,1906,14928.8,3740,ml/output/tracks/best_frames/26_2-10/track_1835.jpg
26_2-10.mp4,2596,456,22797,1205,529,1236,617,2410,1058,2472,1234,20420.2,2728,ml/output/tracks/best_frames/26_2-10/track_2596.jpg
26_2-10.mp4,1984,156,7799,353,170,397,274,706,340,794,548,11993.3,4576,ml/output/tracks/best_frames/26_2-10/track_1984.jpg
26_2-10.mp4,2423,461,23047,552,778,612,838,1104,1556,1224,1676,14959.7,3600,ml/output/tracks/best_frames/26_2-10/track_2423.jpg
26_2-10.mp4,2323,302,15098,354,103,401,205,708,206,802,410,11165.7,4794,ml/output/tracks/best_frames/26_2-10/track_2323.jpg
26_2-10.mp4,2371,463,23147,559,876,618,937,1118,1752,1236,1874,14390.3,3599,ml/output/tracks/best_frames/26_2-10/track_2371.jpg
26_2-10.mp4,1826,1,50,965,523,1022,639,1930,1046,2044,1278,7748.5,6612,ml/output/tracks/best_frames/26_2-10/track_1826.jpg
26_2-10.mp4,2623,611,30546,390,939,441,1020,780,1878,882,2040,12305.4,4131,ml/output/tracks/best_frames/26_2-10/track_2623.jpg
26_2-10.mp4,1945,58,2900,1349,148,1437,202,2698,296,2874,404,10183.5,4752,ml/output/tracks/best_frames/26_2-10/track_1945.jpg
26_2-10.mp4,1954,51,2550,325,0,468,130,650,0,936,260,2466.4,18590,ml/output/tracks/best_frames/26_2-10/track_1954.jpg
26_2-10.mp4,2155,162,8099,975,479,1019,592,1950,958,2038,1184,9152.0,4972,ml/output/tracks/best_frames/26_2-10/track_2155.jpg
26_2-10.mp4,2436,335,16748,1441,79,1528,135,2882,158,3056,270,8999.3,4872,ml/output/tracks/best_frames/26_2-10/track_2436.jpg
26_2-10.mp4,2164,172,8599,1445,585,1529,632,2890,1170,3058,1264,10729.9,3948,ml/output/tracks/best_frames/26_2-10/track_2164.jpg
26_2-10.mp4,2430,331,16548,1383,79,1465,126,2766,158,2930,252,10444.4,3854,ml/output/tracks/best_frames/26_2-10/track_2430.jpg
26_2-10.mp4,2067,130,6499,869,72,921,120,1738,144,1842,240,15672.9,2496,ml/output/tracks/best_frames/26_2-10/track_2067.jpg
26_2-10.mp4,2519,463,23147,341,333,380,429,682,666,760,858,10356.5,3744,ml/output/tracks/best_frames/26_2-10/track_2519.jpg
26_2-10.mp4,2689,515,25746,1367,851,1418,881,2734,1702,2836,1762,24703.3,1530,ml/output/tracks/best_frames/26_2-10/track_2689.jpg
26_2-10.mp4,1858,4,200,667,1021,738,1079,1334,2042,1476,2158,8735.1,4118,ml/output/tracks/best_frames/26_2-10/track_1858.jpg
26_2-10.mp4,2528,440,21997,946,412,997,451,1892,824,1994,902,17414.9,1989,ml/output/tracks/best_frames/26_2-10/track_2528.jpg
26_2-10.mp4,2715,602,30096,1076,961,1268,1079,2152,1922,2536,2158,1518.2,22656,ml/output/tracks/best_frames/26_2-10/track_2715.jpg
26_2-10.mp4,2422,331,16548,649,506,708,537,1298,1012,1416,1074,18481.9,1829,ml/output/tracks/best_frames/26_2-10/track_2422.jpg
26_2-10.mp4,2091,155,7749,1312,443,1371,474,2624,886,2742,948,18377.8,1829,ml/output/tracks/best_frames/26_2-10/track_2091.jpg
26_2-10.mp4,2071,155,7749,1357,576,1421,612,2714,1152,2842,1224,14286.3,2304,ml/output/tracks/best_frames/26_2-10/track_2071.jpg
26_2-10.mp4,1829,1,50,966,705,1016,811,1932,1410,2032,1622,6176.9,5300,ml/output/tracks/best_frames/26_2-10/track_1829.jpg
26_2-10.mp4,2243,314,15698,842,968,896,1011,1684,1936,1792,2022,14030.8,2322,ml/output/tracks/best_frames/26_2-10/track_2243.jpg
26_2-10.mp4,1949,155,7749,608,959,644,1015,1216,1918,1288,2030,15869.3,2016,ml/output/tracks/best_frames/26_2-10/track_1949.jpg
26_2-10.mp4,2628,480,23997,0,797,87,1079,0,1594,174,2158,1259.1,24534,ml/output/tracks/best_frames/26_2-10/track_2628.jpg
26_2-10.mp4,1827,25,1250,402,911,453,995,804,1822,906,1990,7184.9,4284,ml/output/tracks/best_frames/26_2-10/track_1827.jpg
26_2-10.mp4,2664,502,25096,1337,1030,1434,1079,2674,2060,2868,2158,6441.6,4753,ml/output/tracks/best_frames/26_2-10/track_2664.jpg
26_2-10.mp4,1931,40,2000,25,0,89,115,50,0,178,230,4142.4,7360,ml/output/tracks/best_frames/26_2-10/track_1931.jpg
26_2-10.mp4,2226,226,11298,952,989,1083,1063,1904,1978,2166,2126,3077.1,9694,ml/output/tracks/best_frames/26_2-10/track_2226.jpg
26_2-10.mp4,2165,173,8649,1354,650,1415,680,2708,1300,2830,1360,16205.4,1830,ml/output/tracks/best_frames/26_2-10/track_2165.jpg
26_2-10.mp4,2492,365,18247,377,901,426,987,754,1802,852,1974,6865.1,4214,ml/output/tracks/best_frames/26_2-10/track_2492.jpg
26_2-10.mp4,2370,311,15548,425,1043,467,1079,850,2086,934,2158,18541.2,1512,ml/output/tracks/best_frames/26_2-10/track_2370.jpg
26_2-10.mp4,1828,150,7499,37,760,67,831,74,1520,134,1662,12967.1,2130,ml/output/tracks/best_frames/26_2-10/track_1828.jpg
26_2-10.mp4,1899,23,1150,828,13,1042,68,1656,26,2084,136,2275.5,11770,ml/output/tracks/best_frames/26_2-10/track_1899.jpg
26_2-10.mp4,1841,33,1650,584,505,628,580,1168,1010,1256,1160,8055.3,3300,ml/output/tracks/best_frames/26_2-10/track_1841.jpg
26_2-10.mp4,2265,230,11498,57,865,106,992,114,1730,212,1984,4178.1,6223,ml/output/tracks/best_frames/26_2-10/track_2265.jpg
26_2-10.mp4,2183,202,10099,842,407,912,473,1684,814,1824,946,5222.0,4620,ml/output/tracks/best_frames/26_2-10/track_2183.jpg
26_2-10.mp4,2022,82,4099,338,0,458,58,676,0,916,116,3231.3,6960,ml/output/tracks/best_frames/26_2-10/track_2022.jpg
26_2-10.mp4,2529,380,18997,1311,858,1379,894,2622,1716,2758,1788,8793.4,2448,ml/output/tracks/best_frames/26_2-10/track_2529.jpg
26_2-10.mp4,2195,242,12098,0,404,26,490,0,808,52,980,9208.8,2236,ml/output/tracks/best_frames/26_2-10/track_2195.jpg
26_2-10.mp4,2246,211,10548,832,772,887,819,1664,1544,1774,1638,7934.9,2585,ml/output/tracks/best_frames/26_2-10/track_2246.jpg
26_2-10.mp4,2293,230,11498,845,828,897,895,1690,1656,1794,1790,5778.4,3484,ml/output/tracks/best_frames/26_2-10/track_2293.jpg
26_2-10.mp4,2514,395,19747,1325,968,1393,1006,2650,1936,2786,2012,7744.7,2584,ml/output/tracks/best_frames/26_2-10/track_2514.jpg
26_2-10.mp4,1838,1,50,234,988,270,1044,468,1976,540,2088,9710.9,2016,ml/output/tracks/best_frames/26_2-10/track_1838.jpg
26_2-10.mp4,2116,157,7849,1378,477,1434,502,2756,954,2868,1004,13778.7,1400,ml/output/tracks/best_frames/26_2-10/track_2116.jpg
26_2-10.mp4,1837,2,100,962,1002,1006,1076,1924,2004,2012,2152,5780.6,3256,ml/output/tracks/best_frames/26_2-10/track_1837.jpg
26_2-10.mp4,2325,245,12248,836,1038,903,1079,1672,2076,1806,2158,6798.3,2747,ml/output/tracks/best_frames/26_2-10/track_2325.jpg
26_2-10.mp4,1915,23,1150,191,884,259,960,382,1768,518,1920,3442.0,5168,ml/output/tracks/best_frames/26_2-10/track_1915.jpg
26_2-10.mp4,2023,154,7699,859,479,963,538,1718,958,1926,1076,2894.2,6136,ml/output/tracks/best_frames/26_2-10/track_2023.jpg
26_2-10.mp4,2011,78,3899,1525,8,1629,89,3050,16,3258,178,2076.4,8424,ml/output/tracks/best_frames/26_2-10/track_2011.jpg
26_2-10.mp4,2213,290,14498,111,487,153,556,222,974,306,1112,5968.3,2898,ml/output/tracks/best_frames/26_2-10/track_2213.jpg
26_2-10.mp4,2296,313,15648,124,273,165,356,248,546,330,712,4951.9,3403,ml/output/tracks/best_frames/26_2-10/track_2296.jpg
26_2-10.mp4,1862,11,550,594,24,658,99,1188,48,1316,198,3468.7,4800,ml/output/tracks/best_frames/26_2-10/track_1862.jpg
26_2-10.mp4,1831,27,1350,65,847,98,918,130,1694,196,1836,7020.8,2343,ml/output/tracks/best_frames/26_2-10/track_1831.jpg
26_2-10.mp4,1881,12,600,176,811,246,892,352,1622,492,1784,2878.6,5670,ml/output/tracks/best_frames/26_2-10/track_1881.jpg
26_2-10.mp4,2580,490,24496,12,183,40,259,24,366,80,518,7167.6,2128,ml/output/tracks/best_frames/26_2-10/track_2580.jpg
26_2-10.mp4,1834,1,50,115,987,163,1079,230,1974,326,2158,3412.2,4416,ml/output/tracks/best_frames/26_2-10/track_1834.jpg
26_2-10.mp4,2242,313,15648,109,381,145,460,218,762,290,920,4935.2,2844,ml/output/tracks/best_frames/26_2-10/track_2242.jpg
26_2-10.mp4,2489,382,19097,18,118,51,192,36,236,102,384,5538.8,2442,ml/output/tracks/best_frames/26_2-10/track_2489.jpg
26_2-10.mp4,2167,172,8599,860,148,917,196,1720,296,1834,392,4800.2,2736,ml/output/tracks/best_frames/26_2-10/track_2167.jpg
26_2-10.mp4,2382,313,15648,128,1040,160,1079,256,2080,320,2158,10360.4,1248,ml/output/tracks/best_frames/26_2-10/track_2382.jpg
26_2-10.mp4,2706,560,27996,143,1,219,58,286,2,438,116,2971.0,4332,ml/output/tracks/best_frames/26_2-10/track_2706.jpg
26_2-10.mp4,1970,127,6349,853,617,958,675,1706,1234,1916,1350,1961.6,6090,ml/output/tracks/best_frames/26_2-10/track_1970.jpg
26_2-10.mp4,1842,66,3300,79,898,112,966,158,1796,224,1932,5270.4,2244,ml/output/tracks/best_frames/26_2-10/track_1842.jpg
26_2-10.mp4,2384,313,15648,149,608,174,642,298,1216,348,1284,13762.5,850,ml/output/tracks/best_frames/26_2-10/track_2384.jpg
26_2-10.mp4,2107,153,7649,37,30,66,103,74,60,132,206,5428.1,2117,ml/output/tracks/best_frames/26_2-10/track_2107.jpg
26_2-10.mp4,2448,464,23197,27,694,53,765,54,1388,106,1530,6181.5,1846,ml/output/tracks/best_frames/26_2-10/track_2448.jpg
26_2-10.mp4,2244,211,10548,860,656,892,701,1720,1312,1784,1402,7815.8,1440,ml/output/tracks/best_frames/26_2-10/track_2244.jpg
26_2-10.mp4,2693,562,28096,13,231,44,317,26,462,88,634,4128.8,2666,ml/output/tracks/best_frames/26_2-10/track_2693.jpg
26_2-10.mp4,2437,336,16798,0,450,19,534,0,900,38,1068,6504.2,1596,ml/output/tracks/best_frames/26_2-10/track_2437.jpg
26_2-10.mp4,2672,509,25446,21,671,44,743,42,1342,88,1486,6191.5,1656,ml/output/tracks/best_frames/26_2-10/track_2672.jpg
26_2-10.mp4,2114,136,6799,1651,796,1808,944,3302,1592,3616,1888,439.5,23236,ml/output/tracks/best_frames/26_2-10/track_2114.jpg
26_2-10.mp4,2004,64,3200,223,1019,295,1079,446,2038,590,2158,2194.6,4320,ml/output/tracks/best_frames/26_2-10/track_2004.jpg
26_2-10.mp4,1893,19,950,867,659,966,712,1734,1318,1932,1424,1729.0,5247,ml/output/tracks/best_frames/26_2-10/track_1893.jpg
26_2-10.mp4,2368,322,16098,37,1,74,75,74,2,148,150,3258.4,2738,ml/output/tracks/best_frames/26_2-10/track_2368.jpg
26_2-10.mp4,2013,82,4099,861,1005,952,1058,1722,2010,1904,2116,1684.0,4823,ml/output/tracks/best_frames/26_2-10/track_2013.jpg
26_2-10.mp4,2347,258,12898,1393,831,1462,867,2786,1662,2924,1734,3198.1,2484,ml/output/tracks/best_frames/26_2-10/track_2347.jpg
26_2-10.mp4,2189,238,11898,290,398,337,441,580,796,674,882,3707.0,2021,ml/output/tracks/best_frames/26_2-10/track_2189.jpg
26_2-10.mp4,2264,218,10898,18,613,45,687,36,1226,90,1374,3603.3,1998,ml/output/tracks/best_frames/26_2-10/track_2264.jpg
26_2-10.mp4,2286,233,11648,133,371,158,410,266,742,316,820,7206.9,975,ml/output/tracks/best_frames/26_2-10/track_2286.jpg
26_2-10.mp4,2659,498,24896,247,998,290,1044,494,1996,580,2088,3111.7,1978,ml/output/tracks/best_frames/26_2-10/track_2659.jpg
26_2-10.mp4,2310,334,16698,333,842,369,880,666,1684,738,1760,4337.3,1368,ml/output/tracks/best_frames/26_2-10/track_2310.jpg
26_2-10.mp4,2035,86,4299,34,89,60,162,68,178,120,324,3055.1,1898,ml/output/tracks/best_frames/26_2-10/track_2035.jpg
26_2-10.mp4,1934,152,7599,855,868,950,915,1710,1736,1900,1830,1277.8,4465,ml/output/tracks/best_frames/26_2-10/track_1934.jpg
26_2-10.mp4,2569,399,19947,0,819,41,969,0,1638,82,1938,876.0,6150,ml/output/tracks/best_frames/26_2-10/track_2569.jpg
26_2-10.mp4,1836,38,1900,882,424,941,476,1764,848,1882,952,1226.7,3068,ml/output/tracks/best_frames/26_2-10/track_1836.jpg
26_2-10.mp4,2308,238,11898,1389,825,1441,852,2778,1650,2882,1704,1847.8,1404,ml/output/tracks/best_frames/26_2-10/track_2308.jpg
26_2-10.mp4,2082,157,7849,0,0,19,43,0,0,38,86,1409.2,817,ml/output/tracks/best_frames/26_2-10/track_2082.jpg
26_2-10.mp4,2468,348,17397,2,852,27,940,4,1704,54,1880,456.3,2200,ml/output/tracks/best_frames/26_2-10/track_2468.jpg
26_2-10.mp4,2306,241,12048,0,7,16,84,0,14,32,168,294.4,1232,ml/output/tracks/best_frames/26_2-10/track_2306.jpg
